<?xml version="1.0" encoding="UTF-8"?>
<project-private xmlns="http://www.netbeans.org/ns/project-private/1">
    <editor-bookmarks xmlns="http://www.netbeans.org/ns/editor-bookmarks/2" lastBookmarkId="0"/>
    <open-files xmlns="http://www.netbeans.org/ns/projectui-open-files/2">
        <group>
            <file>file:/C:/Users/Rakesh%20Ahuja/Desktop/Emertxe%20MCU/A12_Password.X/clcd.c</file>
            <file>file:/C:/Users/Rakesh%20Ahuja/Desktop/Emertxe%20MCU/A12_Password.X/timer.h</file>
            <file>file:/C:/Users/Rakesh%20Ahuja/Desktop/Emertxe%20MCU/A12_Password.X/timer.c</file>
            <file>file:/C:/Users/Rakesh%20Ahuja/Desktop/Emertxe%20MCU/A12_Password.X/matrix_keypad.c</file>
            <file>file:/C:/Users/Rakesh%20Ahuja/Desktop/Emertxe%20MCU/A12_Password.X/clcd.h</file>
            <file>file:/C:/Users/Rakesh%20Ahuja/Desktop/Emertxe%20MCU/A12_Password.X/main.c</file>
            <file>file:/C:/Users/Rakesh%20Ahuja/Desktop/Emertxe%20MCU/A12_Password.X/isr.c</file>
            <file>file:/C:/Users/Rakesh%20Ahuja/Desktop/Emertxe%20MCU/A12_Password.X/matrix_keypad.h</file>
            <file>file:/C:/Users/Rakesh%20Ahuja/Desktop/Emertxe%20MCU/A12_Password.X/main.h</file>
        </group>
    </open-files>
</project-private>
